<?xml version="1.0" encoding="UTF-8"?>
<style-scheme version="2.2" name="QtMaterial">
  <style name="Text" foreground="#607d8b" background="#ffffff"/>
  <style name="Link" foreground="#0000ff"/>
  <style name="Selection" foreground="#b0bec5" background="#e6f2f0"/>
  <style name="LineNumber" foreground="#cccdce"/>
  <style name="SearchResult" foreground="#000000" background="#ffef0b"/>
  <style name="SearchScope" foreground="#000000" background="#f7fafe"/>
  <style name="Parentheses" foreground="#03a9f4" background="#cddc39"/>
  <style name="ParenthesesMismatch" foreground="#000000" background="#ff00ff"/>
  <style name="AutoComplete" foreground="#000080" background="#c0c0ff"/>
  <style name="CurrentLine" foreground="#000000" background="#e6f2f0"/>
  <style name="CurrentLineNumber" foreground="#808080" bold="true"/>
  <style name="Occurrences" foreground="#000000" background="#b4b4b4"/>
  <style name="Occurrences.Unused" foreground="#808000"/>
  <style name="Occurrences.Rename" foreground="#000000" background="#ff6464"/>
  <style name="Number" foreground="#03a9f4"/>
  <style name="String" foreground="#009688"/>
  <style name="Type" foreground="#9c27b0"/>
  <style name="Local" foreground="#607d8b"/>
  <style name="Global"/>
  <style name="Field" foreground="#3f51b5"/>
  <style name="Static" foreground="#9c27b0"/>
  <style name="VirtualMethod" foreground="#ff5722"/>
  <style name="Function" foreground="#5677fc"/>
  <style name="Keyword" foreground="#259b24"/>
  <style name="PrimitiveType" foreground="#3f51b5"/>
  <style name="Operator" foreground="#263238"/>
  <style name="Preprocessor" foreground="#3f51b5"/>
  <style name="Label" foreground="#0086b3"/>
  <style name="Comment" foreground="#e91e63" italic="true"/>
  <style name="Doxygen.Comment" foreground="#795548"/>
  <style name="Doxygen.Tag" foreground="#212121"/>
  <style name="VisualWhitespace" foreground="#c0c0c0"/>
  <style name="QmlLocalId" foreground="#5677fc"/>
  <style name="QmlExternalId" foreground="#03a9f4"/>
  <style name="QmlTypeId" foreground="#9c27b0"/>
  <style name="QmlRootObjectProperty" foreground="#5677fc"/>
  <style name="QmlScopeObjectProperty" foreground="#5677fc"/>
  <style name="QmlExternalObjectProperty" foreground="#03a9f4"/>
  <style name="JsScopeVar" foreground="#03a9f4"/>
  <style name="JsImportVar" foreground="#3f51b5"/>
  <style name="JsGlobalVar" foreground="#ff5722"/>
  <style name="QmlStateName" foreground="#607d8b"/>
  <style name="Binding" foreground="#3f51b5"/>
  <style name="DisabledCode" foreground="#747474" background="#f7f7f7"/>
  <style name="AddedLine" foreground="#00aa00"/>
  <style name="RemovedLine" foreground="#ff0000"/>
  <style name="DiffFile" foreground="#000080"/>
  <style name="DiffLocation" foreground="#0000ff"/>
  <style name="DiffFileLine" background="#ffff00"/>
  <style name="DiffContextLine" background="#afd7e7"/>
  <style name="DiffSourceLine" background="#ffdfdf"/>
  <style name="DiffSourceChar" background="#ffafaf"/>
  <style name="DiffDestLine" background="#dfffdf"/>
  <style name="DiffDestChar" background="#afffaf"/>
  <style name="LogChangeLine" foreground="#c00000"/>
  <style name="Warning" underlineColor="#ffbe00" underlineStyle="SingleUnderline"/>
  <style name="WarningContext" underlineColor="#ffbe00" underlineStyle="DotLine"/>
  <style name="Error" underlineColor="#ff0000" underlineStyle="SingleUnderline"/>
  <style name="ErrorContext" underlineColor="#ff0000" underlineStyle="DotLine"/>
  <style name="Declaration"/>
  <style name="LastStyleSentinel"/>
</style-scheme>
