<?xml version="1.0" encoding="UTF-8"?>
<style-scheme version="1.0" name="Material Theme Light">
  <style name="Text" foreground="#212121" background="#fafafa"/>
  <style name="Link" foreground="#0288d1" background="#fafafa" italic="true"/>
  <style name="Selection" foreground="#e1f5fe" background="#4fc3f7"/>
  <style name="LineNumber" foreground="#607d8b" background="#fafafa"/>
  <style name="SearchResult" foreground="#000000" background="#ff9100"/>
  <style name="SearchScope" foreground="#ff9100" background="#fafafa"/>
  <style name="Parentheses" foreground="#42a5f5" background="#fafafa" bold="true" italic="true" underlineStyle="SingleUnderline"/>
  <style name="ParenthesesMismatch" foreground="#000000" background="#f44336"/>
  <style name="AutoComplete" foreground="#000080" background="#c0c0ff"/>
  <style name="CurrentLine" background="#efebe9" bold="true"/>
  <style name="CurrentLineNumber" foreground="#7cb342" background="#fafafa"/>
  <style name="Occurrences" background="#b2ebf2"/>
  <style name="Occurrences.Unused" foreground="#ff8a65" background="#fafafa" italic="true" underlineColor="#ff8a65" underlineStyle="DotLine"/>
  <style name="Occurrences.Rename" foreground="#000000" background="#fafafa"/>
  <style name="Number" foreground="#ff5722" background="#fafafa"/>
  <style name="String" foreground="#388e3c" background="#fafafa"/>
  <style name="Type" foreground="#3f51b5" background="#fafafa"/>
  <style name="Local" foreground="#8e24aa" background="#fafafa"/>
  <style name="Global"/>
  <style name="Field" foreground="#e74c3c" background="#fafafa" italic="true"/>
  <style name="Static" foreground="#ff6f00" background="#fafafa"/>
  <style name="VirtualMethod" foreground="#607d8b" background="#fafafa" italic="true"/>
  <style name="Function" foreground="#2196f3" background="#fafafa"/>
  <style name="Keyword" foreground="#2196f3" background="#fafafa" italic="true"/>
  <style name="PrimitiveType" foreground="#5e35b1" background="#fafafa"/>
  <style name="Operator" foreground="#dd2c00" background="#fafafa"/>
  <style name="Preprocessor" foreground="#ec407a" background="#fafafa" bold="true"/>
  <style name="Label" foreground="#ffa000" background="#fafafa"/>
  <style name="Comment" foreground="#795548" background="#fafafa"/>
  <style name="Doxygen.Comment" foreground="#795548" background="#fafafa" italic="true"/>
  <style name="Doxygen.Tag" foreground="#4e342e" background="#fafafa" bold="true" italic="true"/>
  <style name="VisualWhitespace" foreground="#795548" background="#fafafa"/>
  <style name="QmlLocalId" foreground="#2980b9" background="#fafafa" italic="true"/>
  <style name="QmlExternalId" foreground="#e74c3c" background="#fafafa" italic="true"/>
  <style name="QmlTypeId" foreground="#2962ff" background="#fafafa"/>
  <style name="QmlRootObjectProperty" foreground="#ef6c00" background="#fafafa" italic="true"/>
  <style name="QmlScopeObjectProperty" foreground="#ff8a65" background="#fafafa" italic="true"/>
  <style name="QmlExternalObjectProperty" foreground="#26a69a" background="#fafafa" italic="true"/>
  <style name="JsScopeVar" foreground="#f39c12" background="#fafafa"/>
  <style name="JsImportVar" foreground="#7e57c2" background="#fafafa" italic="true"/>
  <style name="JsGlobalVar" foreground="#e74c3c" background="#fafafa" italic="true"/>
  <style name="QmlStateName" foreground="#8e44ad" background="#fafafa" italic="true"/>
  <style name="Binding" foreground="#bf360c" background="#fafafa"/>
  <style name="DisabledCode" foreground="#c28774" background="#fafafa"/>
  <style name="AddedLine" foreground="#3875d7" background="#fafafa"/>
  <style name="RemovedLine" foreground="#ff0000" background="#fafafa"/>
  <style name="DiffFile" foreground="#a6e22e" background="#fafafa"/>
  <style name="DiffLocation" foreground="#2572b8" background="#fafafa"/>
  <style name="DiffFileLine" background="#fafafa"/>
  <style name="DiffContextLine" background="#fafafa"/>
  <style name="DiffSourceLine" background="#fafafa"/>
  <style name="DiffSourceChar" background="#fafafa"/>
  <style name="DiffDestLine" background="#fafafa"/>
  <style name="DiffDestChar" background="#fafafa"/>
  <style name="LogChangeLine" foreground="#c00000" background="#fafafa"/>
  <style name="Warning" underlineColor="#ffbe00" underlineStyle="SingleUnderline"/>
  <style name="WarningContext" underlineColor="#ffbe00" underlineStyle="DotLine"/>
  <style name="Error" underlineColor="#ff0000" underlineStyle="SingleUnderline"/>
  <style name="ErrorContext" underlineColor="#ff0000" underlineStyle="DotLine"/>
  <style name="Declaration"/>
</style-scheme>
