<?xml version="1.0" encoding="UTF-8"?>
<style-scheme version="1.0" name="Twilight">
  <style name="Text" foreground="#f8f8f8" background="#1f1d1c"/>
  <style name="Link" foreground="#88cee7" italic="true"/>
  <style name="Selection" foreground="#dcdcdc" background="#383e42"/>
  <style name="LineNumber" foreground="#505050"/>
  <style name="SearchResult" foreground="#000000" background="#78848c"/>
  <style name="SearchScope" foreground="#000000" background="#78848c"/>
  <style name="Parentheses" foreground="#000000" background="#a3b3be"/>
  <style name="CurrentLine" background="#383e42" bold="true"/>
  <style name="CurrentLineNumber" foreground="#dcdcdc"/>
  <style name="Occurrences" foreground="#000000" background="#b4b4b4"/>
  <style name="Occurrences.Unused" foreground="#b3b3b3"/>
  <style name="Occurrences.Rename" foreground="#000000" background="#ff6464"/>
  <style name="Number" foreground="#cf6a4c"/>
  <style name="String" foreground="#8f9d6a"/>
  <style name="Type" foreground="#cda869"/>
  <style name="Local" foreground="#8a9cb4"/>
  <style name="Field" foreground="#9b859d"/>
  <style name="Static" foreground="#cda869"/>
  <style name="VirtualMethod" foreground="#f8f8f8" italic="true"/>
  <style name="Function" foreground="#f8f8f8"/>
  <style name="Keyword" foreground="#cf6a4c"/>
  <style name="PrimitiveType" foreground="#cda869"/>
  <style name="Operator" foreground="#e6e5e2"/>
  <style name="Preprocessor" foreground="#cda869" bold="true"/>
  <style name="Label" foreground="#dad085"/>
  <style name="Comment" foreground="#5f5a60"/>
  <style name="Doxygen.Comment" foreground="#5f5a60" italic="true"/>
  <style name="Doxygen.Tag" foreground="#5f5a60" bold="true" italic="true"/>
  <style name="VisualWhitespace" foreground="#5f5a60"/>
  <style name="QmlLocalId" foreground="#e5e4e1" italic="true"/>
  <style name="QmlExternalId" foreground="#2572b8" italic="true"/>
  <style name="QmlTypeId" foreground="#e4e3e0"/>
  <style name="QmlRootObjectProperty" foreground="#e5e4e1" italic="true"/>
  <style name="QmlScopeObjectProperty" foreground="#e5e4e1" italic="true"/>
  <style name="QmlExternalObjectProperty" foreground="#2572b8" italic="true"/>
  <style name="JsScopeVar" foreground="#2985c7" italic="true"/>
  <style name="JsImportVar" foreground="#0055af" italic="true"/>
  <style name="JsGlobalVar" foreground="#0055af" italic="true"/>
  <style name="QmlStateName" foreground="#e5e4e1" italic="true"/>
  <style name="Binding" foreground="#e5e4e1"/>
  <style name="DisabledCode" foreground="#5f5a60"/>
  <style name="AddedLine" foreground="#3875d7"/>
  <style name="RemovedLine" foreground="#ff0000"/>
  <style name="DiffFile" foreground="#a6e22e"/>
  <style name="DiffLocation" foreground="#2572b8"/>
  <style name="DiffFileLine" background="#ffff00"/>
  <style name="DiffContextLine" background="#afd7e7"/>
  <style name="DiffSourceLine" background="#ffdfdf"/>
  <style name="DiffSourceChar" background="#ffafaf"/>
  <style name="DiffDestLine" background="#dfffdf"/>
  <style name="DiffDestChar" background="#afffaf"/>
</style-scheme>
